name,email,password
Giacopo Forshaw,gforshaw0@unesco.org,35sH6ELKDnl
Kelsy Sutterby,ksutterby1@google.ru,6UKRg5MWwEV
Vernen Borg,vborg2@typepad.com,OEOETYahUmi
Joey Snoad,jsnoad3@deviantart.com,i8hXOxXef
Rahel De Biasio,rde4@google.com,gzUSj9
Ashlen Haughin,ahaughin5@un.org,hf0UdbrPL
Danica Geach,dgeach6@springer.com,b4uw9FgRzx
Agnes Roncelli,aroncelli7@statcounter.com,idOtqRMIwmrJ
Noella Papps,npapps8@jugem.jp,BPYDzPLGPE
Eric Monteaux,emonteaux9@seattletimes.com,cAyin7E2hFTy
June Upston,jupstona@reuters.com,4dDd70L9WpS5
Sorcha Morville,smorvilleb@statcounter.com,l2bOhjez
Charline Maginot,cmaginotc@issuu.com,iVg7C3Dupi1
Armin Daal,adaald@slate.com,3XBb29V8
Sherman Dufty,sduftye@oracle.com,xy4vL2TWG
Lennie Elfleet,lelfleetf@psu.edu,M9pSjI60Pbg
Rahal Corby,rcorbyg@cargocollective.com,9IvJ8i7hnTz
Luisa Maffeo,lmaffeoh@cargocollective.com,VG66i9yTD8
Ernestine Escolme,eescolmei@slideshare.net,IKRmjU8
Rosemary Semiras,rsemirasj@opensource.org,XBhCVVZeHym3
Kiele Skally,kskallyk@slideshare.net,q3EHlJNR0C5A
Lorettalorna Pryell,lpryelll@jimdo.com,kI4yMjVw
Blane Crowcombe,bcrowcombem@utexas.edu,86OrMzqxK
Vina Legerton,vlegertonn@i2i.jp,mwRV87BY0S30
Lacey Maus,lmauso@indiatimes.com,tw0gTm86Q
Ogdan Covington,ocovingtonp@smugmug.com,qI3YckqIO9a
Agna Caddock,acaddockq@fema.gov,FuqL6G5r
Valeda Chalkly,vchalklyr@yellowpages.com,S5tbnTgsntH
Josh Haresnaip,jharesnaips@wikimedia.org,DnOTTDwTNDfP
Madelena Duprey,mdupreyt@merriam-webster.com,4sRXiU
Nettle Timbridge,ntimbridgeu@apple.com,1vz3aHkGITd
Irina Ingleston,iinglestonv@house.gov,ovUMDFmM9
Lorne Leathley,lleathleyw@google.com.hk,67yuALa1
Janey Gorman,jgormanx@statcounter.com,p05EFtExV
Olympia Andover,oandovery@etsy.com,PNw9SPFB
Bonnibelle Stenning,bstenningz@imdb.com,qs2knK5AQc
Anabal Stansfield,astansfield10@hhs.gov,jqaQJngU6U8O
Skylar Cubbit,scubbit11@boston.com,cIJmRWCUPLSG
Ev Smooth,esmooth12@google.es,GUNecas
Hedvige Clother,hclother13@ed.gov,A7UejO04WA
Leontyne Cadogan,lcadogan14@indiegogo.com,7yDevgb
Briana Grabham,bgrabham15@plala.or.jp,5mtbtx0V
Paulo Scarce,pscarce16@gmpg.org,jvL69OA7X9O
Bernadine Spurdle,bspurdle17@ezinearticles.com,nnKrTyyzBi
Hermia McPike,hmcpike18@woothemes.com,kZmBYt5
Kerianne Rame,krame19@jimdo.com,LyfXiQF1X
Marena Holberry,mholberry1a@guardian.co.uk,Kmuwvt
Jillie Vamplus,jvamplus1b@spotify.com,In3y2p
Elisa Valentinuzzi,evalentinuzzi1c@github.com,4u91EfWco1v
Bo McCarlich,bmccarlich1d@nature.com,BL1jpQQb
Storm Mara,smara1e@cisco.com,nLppF95
Zelma Bullcock,zbullcock1f@51.la,YSJypwnJGO
Ami Christie,achristie1g@jugem.jp,fioj5ZII
Cullan Simpkiss,csimpkiss1h@ucla.edu,hezK5AIMmKb1
Dianemarie Elphinstone,delphinstone1i@jimdo.com,0CyAJg6
Gabrila Angrock,gangrock1j@bluehost.com,Bysz9uM
Alfonse Mc Meekin,amc1k@google.co.uk,rWxSCfD2
Carin Keysall,ckeysall1l@marketwatch.com,QEPEp34FTsxp
Toma Payton,tpayton1m@ucla.edu,stSkX0YLjT
Melany Dudny,mdudny1n@cocolog-nifty.com,YwIWJdkr1l
Joelle Dilnot,jdilnot1o@netscape.com,f1J1LE
Cyndi Sincock,csincock1p@google.de,PgwDBnc
Gaye Drage,gdrage1q@sakura.ne.jp,6l3siQoV
Clio Ivakhnov,civakhnov1r@lycos.com,tkIbe9FX
Gage Bidewel,gbidewel1s@time.com,juZ0WYIy
Hersh Giacomozzo,hgiacomozzo1t@sciencedaily.com,uMa11R
Karyn Filippozzi,kfilippozzi1u@dropbox.com,peKn74RyJ2
Pierce Sirmond,psirmond1v@goo.ne.jp,TqxfvTs
Murdoch Molder,mmolder1w@yellowpages.com,akGB2XP93
Emery Simunek,esimunek1x@discovery.com,RXHMZ74h7yX
Warde Loyley,wloyley1y@webeden.co.uk,iYbBpWfgjfqx
Aurel Prisk,aprisk1z@alexa.com,uQzLUBDm
Bryn Casolla,bcasolla20@irs.gov,R0ARAx72Ea
Alfreda Vasiltsov,avasiltsov21@symantec.com,6RtB2gqy
Rosabelle Murty,rmurty22@wsj.com,XIuS8feX
Brice Skyme,bskyme23@example.com,Yd2gg0K
Jammal Sewley,jsewley24@sohu.com,b7foIKLotfTw
Jaymie Gallymore,jgallymore25@hatena.ne.jp,sBJULe
Paloma Vel,pvel26@icq.com,KtRZaNF
Arda Gallaccio,agallaccio27@alexa.com,yjUixA
Sonia Lillecrap,slillecrap28@technorati.com,4VI1fcwlH3
Patrice Alvar,palvar29@intel.com,G16J35dBZz6s
Margareta Arrundale,marrundale2a@goo.ne.jp,f4rwFn8PL
Ludovika MacAndreis,lmacandreis2b@usatoday.com,vVPln0tQ
Donna Minelli,dminelli2c@diigo.com,cOq5Y0V11l
Malanie Crum,mcrum2d@umich.edu,ApB3CQ
Byrle Epton,bepton2e@g.co,u1F1PLW
Godard Eingerfield,geingerfield2f@comcast.net,tv4geQ
Ulises O' Loughran,uo2g@myspace.com,KgufXopWdkFM
Tye Donisthorpe,tdonisthorpe2h@hugedomains.com,xPZYqFEWCy6
Elwyn Garrals,egarrals2i@sogou.com,YbCsE3UymhWv
Sharon MacNally,smacnally2j@dropbox.com,7WlftB2HlW9U
Sarette Latus,slatus2k@surveymonkey.com,IPBV178MBP1
Celestia Leavey,cleavey2l@people.com.cn,BUbYYLqTdt
Jamie Fursey,jfursey2m@mtv.com,qiA6hGFx4sl
Angela Baude,abaude2n@kickstarter.com,omSmMvt
Lynnette Kauschke,lkauschke2o@google.es,TIbpfkl7aD
Mile Hubbins,mhubbins2p@ameblo.jp,vEQeInEgU3aO
Malva MacAlees,mmacalees2q@diigo.com,Lp0LFj2
Darb Judkin,djudkin2r@google.de,eWRvEoIVa
Dawn Bugge,dbugge2s@google.fr,Z6rLN0oki
Aldrich Slixby,aslixby2t@uiuc.edu,FSMKv79kNiuU
Cecilla Marle,cmarle2u@un.org,G8XalEx
Maryanne Elecum,melecum2v@tinyurl.com,8dr1GEt
Biddie Leithgoe,bleithgoe2w@cbsnews.com,IwbyZ2LdlcR3
Adina Purdy,apurdy2x@webnode.com,vzCnwlNH
Amil Bruyns,abruyns2y@dagondesign.com,D2bdpTv
Carlin Simenot,csimenot2z@tripod.com,KtgSG0hJFJwY
Evelyn McTurk,emcturk30@nba.com,zh55hFu7X
Nichols Coghill,ncoghill31@last.fm,dQZg0G08LqGO
Boone Claw,bclaw32@tinyurl.com,4xNEgwoIvf
Sara-ann Cobleigh,scobleigh33@tripod.com,TG45x0uqF
Guthry Dearnaly,gdearnaly34@pbs.org,1zPuLcdm4
Yank Farnhill,yfarnhill35@barnesandnoble.com,OKXv6tLs
Penn O'dell,podell36@dailymotion.com,4GMQxIDNBp
Annabela Kerner,akerner37@jimdo.com,2BbvuByK7Ch
Olivero Domleo,odomleo38@google.com.br,qkq96CCJJ
Kev Henrych,khenrych39@feedburner.com,ZJnjhPvXmft
Barby Kienle,bkienle3a@wordpress.org,jh56joqHm68F
Cthrine Uman,cuman3b@163.com,tUJkdv
Scotty Kingcote,skingcote3c@ezinearticles.com,sn0thZdo1F
Ivonne Delicate,idelicate3d@clickbank.net,CEaBpLMzAci
Leeann Atkinson,latkinson3e@freewebs.com,4hH7wZUx
Morry Skpsey,mskpsey3f@sourceforge.net,OsKLdrKvTO9z
Andree Sommerly,asommerly3g@studiopress.com,lNvPkfXTPMq
Dyane Ledwidge,dledwidge3h@mail.ru,1uAKA0Kh1
Ernest Verner,everner3i@twitter.com,xSAsTx
Alistair Marrows,amarrows3j@wix.com,4tFTKQL
Cybil Million,cmillion3k@buzzfeed.com,eg4v1I2xH
Daveen Renbold,drenbold3l@networksolutions.com,h2UQsBok
Briant Lewendon,blewendon3m@nasa.gov,HTIPpO
Maryjane Nials,mnials3n@harvard.edu,TYvdgQ0
Francklyn Chittim,fchittim3o@reddit.com,F0qcJstXXM
Donnell Courage,dcourage3p@acquirethisname.com,mzhv9s7O2Kj0
Rachael Doding,rdoding3q@cocolog-nifty.com,VpZhYGhXHh
Ivy Mather,imather3r@biglobe.ne.jp,dARP80d9jU
Judye Hulcoop,jhulcoop3s@dagondesign.com,weHoU7ZoPm
Derrek Gosnall,dgosnall3t@weather.com,3QaLfdb
Kandace Martill,kmartill3u@usda.gov,8jaNmX
Rustie Stearn,rstearn3v@tripod.com,DvFIGc
Lee McGilmartin,lmcgilmartin3w@wiley.com,wpNwULBaLe
Shea Aspenlon,saspenlon3x@livejournal.com,sPFpbBCp
Cooper Wenden,cwenden3y@cmu.edu,W0jZ9mQQaD
Murdock Wyley,mwyley3z@posterous.com,AvLUVG
Erhard Gleader,egleader40@huffingtonpost.com,BmQh4WLvNZP
Horatio Membry,hmembry41@latimes.com,gjD1fYapPqm
Christabel Tanswell,ctanswell42@wp.com,396Knxr
Ginelle Armin,garmin43@vk.com,ro57Qcl2f
Noel Sellars,nsellars44@infoseek.co.jp,K6OSDHjDsG2q
Akim Bruyns,abruyns45@abc.net.au,6OfuBLh3Xm50
Tootsie Cahillane,tcahillane46@pbs.org,Ud5fOTp9N7as
Domini Bartoszewski,dbartoszewski47@techcrunch.com,iTuIHo
Philomena Anstead,panstead48@earthlink.net,Q8EL0M
Lenci Goodhand,lgoodhand49@tiny.cc,3qqHF0zfu
Hanni Beatson,hbeatson4a@51.la,Ncb384XaTr7W
Lettie Sirey,lsirey4b@artisteer.com,vWFCYwakB
Frazer MacDunleavy,fmacdunleavy4c@dailymotion.com,UNUZCyFu
Reggie Densey,rdensey4d@yale.edu,ul2hajAUCj
Freida Greenalf,fgreenalf4e@japanpost.jp,ziBnglBzGrhn
Dayle Maton,dmaton4f@ustream.tv,q9JBByAv2
Gates Tolomelli,gtolomelli4g@unc.edu,i6PyEBiWkv3
Sherm Cowlam,scowlam4h@dailymotion.com,ISWBt7
Fawnia Bilsland,fbilsland4i@histats.com,ecwbg9ZEy
Jude Di Biagio,jdi4j@jugem.jp,MTLgmy
Arden Gemlbett,agemlbett4k@reverbnation.com,Azd1uz
Tobe Pikett,tpikett4l@dedecms.com,kxeNu7
Brewster McLanaghan,bmclanaghan4m@gnu.org,UHcjtl
Anne-marie Aronovitz,aaronovitz4n@reference.com,l5TAZXRT
Roselin Doyley,rdoyley4o@qq.com,0RvvVA3g
Biron Hawton,bhawton4p@yolasite.com,lpcumf
Augy McMaster,amcmaster4q@theatlantic.com,tJGT0TE8WUB
Drud Cushelly,dcushelly4r@tinyurl.com,6PVJAH9Hv
Mauricio Geraldi,mgeraldi4s@bloglines.com,3WuxJxD9Q
Romy Trowsdall,rtrowsdall4t@deliciousdays.com,tUaHCz
Hayward Gummary,hgummary4u@sbwire.com,lv0CVa
Hortense Drakeford,hdrakeford4v@tiny.cc,4LgqetGP
Yevette Palombi,ypalombi4w@nyu.edu,XeXGJv
Chico Ghion,cghion4x@independent.co.uk,dLeRKbuLA
Rania Gero,rgero4y@springer.com,8XuH3Hl
Osgood Roseaman,oroseaman4z@cisco.com,TnKOzn
Emelita Cass,ecass50@simplemachines.org,83eJzGztjI7B
Matthias Klauer,mklauer51@sfgate.com,g8LAXdaL
Hamlin Jezzard,hjezzard52@sfgate.com,IOeR3BbE
Kendal Saltman,ksaltman53@bigcartel.com,ANgd1m
Constantia Verryan,cverryan54@infoseek.co.jp,T2yzE9FKuV
Page McTrustam,pmctrustam55@yellowpages.com,gSducH
Tally Poile,tpoile56@t.co,mxLe7S
Clayborne Corwood,ccorwood57@cargocollective.com,yiRlbLmy
Fawne Caris,fcaris58@smh.com.au,8hTUzLp43
Holly-anne Blaxlande,hblaxlande59@ca.gov,NRbyZqtem
Iormina Bridgens,ibridgens5a@upenn.edu,lnyjorXgAk
Kial Selesnick,kselesnick5b@alexa.com,ydK8WS
Gratia Davenport,gdavenport5c@businessweek.com,qEBN0B4W3Hxd
Sutton Tizard,stizard5d@google.de,6EpmoRrgSW
Gweneth Counihan,gcounihan5e@icio.us,8BCM1lFZh7
Hedwiga Fiddian,hfiddian5f@gnu.org,HFu9YjM
Beryl Isack,bisack5g@people.com.cn,1rqxMDAC
Bengt Edward,bedward5h@phoca.cz,5gfAxJ
Sayres Semiraz,ssemiraz5i@cbsnews.com,asJak2U
Richart Brastead,rbrastead5j@phoca.cz,b1igEah4Q0
Artair Fairlem,afairlem5k@istockphoto.com,U4kApFcinY
Mariana Burril,mburril5l@lycos.com,WV96fR
Lydie Wattins,lwattins5m@answers.com,IzAESFF
Tomaso Hibling,thibling5n@posterous.com,Y7mcH7
Oates Santhouse,osanthouse5o@amazonaws.com,kdaAi4aPP
Cyndia Jerrolt,cjerrolt5p@scribd.com,fkERhh
Lisle Tiernan,ltiernan5q@tinyurl.com,w0t5UW3zD
Vivia Whiskin,vwhiskin5r@indiegogo.com,xUzMqbwCNn
Rodolph Joburn,rjoburn5s@reuters.com,bUYYao3mGcF
Antonetta Artrick,aartrick5t@gizmodo.com,ofB6Xkfu8E
Pippo Suatt,psuatt5u@geocities.jp,y1eEgV35nR
Kris Arnoult,karnoult5v@statcounter.com,HM6ng5W0
Kendal Geekin,kgeekin5w@psu.edu,CDZllrZ
Malory Marshallsay,mmarshallsay5x@go.com,Bt8aACxqC2
Catharina McCaughran,cmccaughran5y@ted.com,Y86rUYHxF
Adelbert Di Gregorio,adi5z@shop-pro.jp,7pexBhEvkaW
Michael Ware,mware60@latimes.com,fazr0S4uvy
Jordana Shane,jshane61@example.com,k22WjJ8vGF
Betty Prosek,bprosek62@twitpic.com,UalN8o9hAE6m
Carlota Faber,cfaber63@mediafire.com,05HGVDZg
Christal McMeanma,cmcmeanma64@newyorker.com,fmdRYPfJKT
Gilburt Hinz,ghinz65@360.cn,46dyfdl1hx
Harli Lemonby,hlemonby66@i2i.jp,tt7fjq
Ericha Condell,econdell67@loc.gov,tKXUQx
Gaylene Bonnick,gbonnick68@bing.com,m4p1HWJ
Salvatore Henkens,shenkens69@yahoo.co.jp,Xay7XuyL
Laverna Brealey,lbrealey6a@microsoft.com,iH8WjSruOQR
Melonie Faulo,mfaulo6b@irs.gov,quTV9txXDn
Ruddie McCleverty,rmccleverty6c@wikispaces.com,WWnfX5pkAUek
Web Phelipeaux,wphelipeaux6d@joomla.org,Pb4TR3C1QLQ
Jarret Whyman,jwhyman6e@epa.gov,i6ErQcxa
Quint Boddymead,qboddymead6f@unblog.fr,nFl0rMllQH3s
Nanette Barsham,nbarsham6g@cbc.ca,qyfjRmQsgzp
Helena Siddons,hsiddons6h@wp.com,tznJwIl
Andrey Tessier,atessier6i@sourceforge.net,q90dHw9
Thedric Pinnick,tpinnick6j@free.fr,z0tHjr
Rickie Heberden,rheberden6k@arizona.edu,zPuaqwN
Brian Debell,bdebell6l@sakura.ne.jp,ulCDVlci6
Kayle Allright,kallright6m@arstechnica.com,CjDrJ0rVLw
Dare Skase,dskase6n@goo.gl,IpgSqBzCr
Fabian Dean,fdean6o@ebay.co.uk,1ezbEHvTb
Lynn MacGrath,lmacgrath6p@prlog.org,x17YTOT
Patti Gerhardt,pgerhardt6q@i2i.jp,Bx9O8xhyj
Bent Cressar,bcressar6r@mlb.com,fYjkBAcea7J
Lanny Rodmell,lrodmell6s@domainmarket.com,6AhB4prlvrX
Esmeralda Bradbrook,ebradbrook6t@msu.edu,cZSWSY
Greta Yurshev,gyurshev6u@google.com.br,hmfpeXyDeDj
Philippe Sidgwick,psidgwick6v@deliciousdays.com,DaCXijLau
Sibeal Coulthard,scoulthard6w@163.com,WOLhtExLWP
Ashby Raunds,araunds6x@lulu.com,U3C6GG51C2L
Moishe Skiggs,mskiggs6y@wix.com,HCUkxUmcmt
Nicolette Andren,nandren6z@storify.com,UNAJ9gA0e
Karly Hamilton,khamilton70@wikia.com,X434VGTyYBH
Virgil Barthel,vbarthel71@usa.gov,YQjicSZvJP
Lorinda Dod,ldod72@arizona.edu,AbuiARva
Gregoor Harkess,gharkess73@google.fr,6WlAvJKO
Halsy Cluff,hcluff74@nytimes.com,YBmAJBZCt2Rq
Port Yeandel,pyeandel75@mtv.com,mSEUfY1m5aSs
Randee Ryves,rryves76@nytimes.com,uR4HGrfdK0
Vivyanne McGarahan,vmcgarahan77@diigo.com,GoCERCKxsVK
Morissa McCaskell,mmccaskell78@linkedin.com,6cNN8eg4
Matty Vennart,mvennart79@istockphoto.com,qHz6Nd1nQIW
Ruprecht Hise,rhise7a@fc2.com,t8Ymllu
Berna Halloran,bhalloran7b@sun.com,VhHbuwM
Joane Skippings,jskippings7c@vistaprint.com,Nt5Ak3SKjfcz
Derek Darey,ddarey7d@narod.ru,q76Ixm0s
Lion Stote,lstote7e@reuters.com,cgSEzMbsO
Gunter Southcoat,gsouthcoat7f@home.pl,pyD6iH
Pietra Reynolds,preynolds7g@hao123.com,0OiEGBQbaHad
Cross Dossettor,cdossettor7h@booking.com,xKeLrgW
Aldrich Wallen,awallen7i@macromedia.com,eJUGbIY7QZFy
Durante Barz,dbarz7j@goo.ne.jp,ZHB6IquxlZzR
Ralph Millions,rmillions7k@irs.gov,fetVYNIyEcD
Lianne Muffin,lmuffin7l@last.fm,gB5QjFU
Clive McCunn,cmccunn7m@github.io,bC23Yx
Currie Corbishley,ccorbishley7n@domainmarket.com,M2250kjJaJq
Viki Jovey,vjovey7o@alibaba.com,A7nfSP0QP
Oriana Vogele,ovogele7p@deliciousdays.com,hSWXU9CWWLK
Hilliard Knath,hknath7q@reuters.com,x5mfN6oG
Jenica Illes,jilles7r@w3.org,dNLI8JyfB
Lanie Lamshead,llamshead7s@360.cn,otM04K9R7c
Demetris Ashburne,dashburne7t@oaic.gov.au,0UmeQREVa
Karena Pelosi,kpelosi7u@webs.com,a5J8fi
Aylmer Soughton,asoughton7v@vkontakte.ru,mMFsp0
Kendra Letessier,kletessier7w@squarespace.com,pVQ1YoMBP
Lil Gration,lgration7x@flickr.com,bhkO4x
Hanna McCray,hmccray7y@gov.uk,KhRdya
Cyndie Stiff,cstiff7z@bigcartel.com,2r9ViFMn
Herold Beaford,hbeaford80@businessinsider.com,NGyumoPaU
Karyn Bartosek,kbartosek81@chronoengine.com,JE5jB7o
Lorenzo Sergant,lsergant82@phoca.cz,iepFD9vkF
Evania Simmell,esimmell83@reddit.com,BVsYyOvMtB
Edvard Hassin,ehassin84@techcrunch.com,H3en5YA
Terry Becket,tbecket85@usa.gov,af2w2VM
Peterus Oxer,poxer86@webnode.com,zerygRtBY
Francisco Cicci,fcicci87@canalblog.com,jFx9RKhXeilo
Antonie Taplin,ataplin88@webnode.com,cK27UrwC
Dyanna Stove,dstove89@sciencedirect.com,CoWOkV5Xe
Aurie McEvilly,amcevilly8a@ebay.co.uk,baH5vH6n
Ingamar Abbotson,iabbotson8b@webeden.co.uk,p99Vz7drjt
Dottie Armin,darmin8c@tripod.com,Wtfb2khaP5
Orsa Housecraft,ohousecraft8d@bbc.co.uk,7qG9LT
Cathleen O' Sullivan,co8e@ca.gov,KUbbIg
Budd Rathmell,brathmell8f@barnesandnoble.com,S8zV5ZP4tcg7
Dionisio Regelous,dregelous8g@go.com,rlG4NHtu
Faye Benne,fbenne8h@ox.ac.uk,j18JIoPoafSK
Herman Mourant,hmourant8i@miibeian.gov.cn,3J0HhvaB0
Janaya Ubsdell,jubsdell8j@soundcloud.com,0hZopeN4K
Tedie McCumskay,tmccumskay8k@globo.com,B4xBBK07R3T0
Jed Ingram,jingram8l@elegantthemes.com,OfIRHJv
Cliff Lofting,clofting8m@aol.com,lspNPpSK
Benson Gaylard,bgaylard8n@google.ca,I4Uanq
Kale Camp,kcamp8o@purevolume.com,iSyM54VQa
Melesa Roff,mroff8p@ox.ac.uk,E4NgJq13
Jinny Farrah,jfarrah8q@wordpress.org,EH4Fpan7
Angelo Weston,aweston8r@biblegateway.com,13sB4MuT7Q
Ingamar Netley,inetley8s@cafepress.com,tZmkSML
Frasier Waring,fwaring8t@npr.org,7D7ObgrhagLu
Fabe Larratt,flarratt8u@house.gov,8ZD92Yx
Jeralee Freegard,jfreegard8v@webeden.co.uk,BStBsukEYKVz
Deeyn Stamp,dstamp8w@tamu.edu,iuYyc80zurck
Stewart Gowdie,sgowdie8x@toplist.cz,IXWDsaqPpsh
Elliott Fishbourn,efishbourn8y@bizjournals.com,qTu8FowCz
Mindy Garric,mgarric8z@tripod.com,Ioj2QpeqeM
Kiele Cottesford,kcottesford90@mozilla.com,bxTgqnLTH5X
Mead Alven,malven91@illinois.edu,OAKeUul
Fiona Burkman,fburkman92@meetup.com,MTqa6fWXETcX
Desdemona Spere,dspere93@hubpages.com,FigggzoPV
Tristam Roff,troff94@miibeian.gov.cn,wjBBZZ2
Johnathon Gallemore,jgallemore95@barnesandnoble.com,uQQs4P
Anet Smitham,asmitham96@google.cn,3IBU5z
Carroll Whybray,cwhybray97@reuters.com,1KTMDXw7r
Marcille Weins,mweins98@privacy.gov.au,SlnrLfBfxR0
Marjorie Rustman,mrustman99@usnews.com,MglFBcoVTV
Ashla Lauritzen,alauritzen9a@yelp.com,oSvrKKs
Tova Strudwick,tstrudwick9b@huffingtonpost.com,2ch8ZypicwVH
Minna Flacke,mflacke9c@meetup.com,FUJI0FwEqb
Lennie Guage,lguage9d@businesswire.com,CkKK0B
Tyson Lafflina,tlafflina9e@usgs.gov,hKRhlHQ7LRek
Leeanne Kesley,lkesley9f@sphinn.com,RmPVMZq
Putnam Stoddart,pstoddart9g@themeforest.net,LKeYIev6z
Bink Dumphrey,bdumphrey9h@huffingtonpost.com,JMcfxb
Grantley Scorer,gscorer9i@ycombinator.com,kG3Ntt
Carlie Housego,chousego9j@51.la,2ybBFup
Durant Wyer,dwyer9k@pinterest.com,ppJC1NVnYRKr
Darb Holstein,dholstein9l@oaic.gov.au,Pv59uuB
Janetta Linay,jlinay9m@cdbaby.com,0diRXJsiBo
Katherina Chumley,kchumley9n@opensource.org,rKq5a7
Elsi Point,epoint9o@blogs.com,vMH2RFIk0K8
Poul Klass,pklass9p@smh.com.au,SKkdxnezw
Latrena Schubuser,lschubuser9q@canalblog.com,yjM1kzQNFTL
Evyn Heather,eheather9r@ucoz.com,qzwtxZtUDQU
Daron Torvey,dtorvey9s@biglobe.ne.jp,pktkMsNV
Alaric Pennigar,apennigar9t@cargocollective.com,Z6FGq6d
Nickolaus Helks,nhelks9u@technorati.com,UXdsyD
Lena Duguid,lduguid9v@skype.com,595H8nHmBR
Johnathon Joseph,jjoseph9w@bravesites.com,hzD2eSB
Isadore Theze,itheze9x@smugmug.com,hU1cg3yZbM
Ashley Sherrington,asherrington9y@t-online.de,z5VGDzxF2k
Tristan Sibthorp,tsibthorp9z@devhub.com,TJnf6lpLhyb
Werner Sitch,wsitcha0@cdbaby.com,n6NXZaeQk
Jasun Dietzler,jdietzlera1@sogou.com,qvuCNufBaTJ
Elizabet Mackerel,emackerela2@techcrunch.com,fBKp6KXQqcs
Leanora Happer,lhappera3@businessinsider.com,9ObeTuNAWi9H
Land Greyes,lgreyesa4@fotki.com,VqQgb4Kg
Steffane Pasley,spasleya5@google.nl,9C2gdDhg6P
Blondy Retchford,bretchforda6@earthlink.net,NwYdZgDAm1
Cameron Frankton,cfranktona7@unicef.org,fAPo6oD8U
Dana Skone,dskonea8@alexa.com,vDHfDb
Zorana Peschmann,zpeschmanna9@buzzfeed.com,lrqLTRSi1R
Quentin Merrgen,qmerrgenaa@google.com.hk,ojtWbvPWPO
Cris Collidge,ccollidgeab@pinterest.com,r7oiLf7B3M
Piggy Greeve,pgreeveac@chronoengine.com,gEZeOYPeTSC
Amery Rioch,ariochad@oracle.com,35UT45sJcQnY
Koo Capewell,kcapewellae@youku.com,tJ971E
Isis Wenn,iwennaf@amazon.co.uk,z7ZGdM3zCVLR
Ali Pope,apopeag@comcast.net,Lo8BD5
Ravi Olivello,rolivelloah@w3.org,1UuZHxYM5tzY
Feliks Rawstron,frawstronai@freewebs.com,6alnwhXXbkNz
Hillyer Padell,hpadellaj@paginegialle.it,O5L1bQ2Dw
Jewel Kingwell,jkingwellak@sourceforge.net,hS43hjUWLf
Mischa Deek,mdeekal@walmart.com,JMRk7EdC
Lee Ceeley,lceeleyam@seattletimes.com,K1WKcwCq
Gearalt Kaplin,gkaplinan@github.io,iYjDwpCiSOYL
Karlik Claus,kclausao@cargocollective.com,F3dzsL
Mel Danielou,mdanielouap@time.com,QHsxCdZp
Seline Noorwood,snoorwoodaq@pagesperso-orange.fr,arkqfj5YC1
Bradford Stonelake,bstonelakear@newsvine.com,pQSGWVJ
Spence Simionato,ssimionatoas@fc2.com,PuQaV7sRh9
Connie Pidgin,cpidginat@facebook.com,8esKsxrBn92
Yolanthe Addionizio,yaddionizioau@bloglovin.com,IeY3qmi1N
Sheri Weir,sweirav@ftc.gov,5ufNFnJzD
Jarrid Fintoph,jfintophaw@google.com.br,PLzmpsRr
Amity Cometto,acomettoax@free.fr,ZvBZ0tvBQA
Salvidor Tulk,stulkay@unicef.org,JhxdBDAmBUBD
Melony Vequaud,mvequaudaz@163.com,S9XwOZOdF
Tedi Mathers,tmathersb0@theguardian.com,BHWkKbmEFO
Dolorita Laban,dlabanb1@hatena.ne.jp,7rJDOeoJ3Vk
Diego McGucken,dmcguckenb2@walmart.com,8CcdN8lSH8gY
Olimpia Collinwood,ocollinwoodb3@blinklist.com,GwJbwc4n
Audy Garthside,agarthsideb4@dot.gov,3k3m1pLbA
Hazel McGeown,hmcgeownb5@storify.com,sCQsuXOj
Timmy O' Molan,tob6@adobe.com,4QzT2tkwR1nG
Winnie Manuaud,wmanuaudb7@mozilla.org,lR4LG2bI
Barnaby Maudlen,bmaudlenb8@state.gov,HBJFnh
Madella Skeldon,mskeldonb9@cnet.com,QekhHDr
Mikey Scotfurth,mscotfurthba@usa.gov,kPCHqRJsi
Ronnie Focke,rfockebb@meetup.com,4fUEbmLQ2MtT
Tessy Rout,troutbc@google.cn,PsgeLd9Hr
Harold Luna,hlunabd@biblegateway.com,AcruUGs09ynR
Levy Halegarth,lhalegarthbe@house.gov,BjqNvsOQ
Dudley Depke,ddepkebf@arizona.edu,Y4qYCMCSjCGp
Jerrie Kunc,jkuncbg@hp.com,oe8RGP
Alwyn Raffeorty,araffeortybh@prnewswire.com,rG8ZcgWxZ5C
Dalia Morrant,dmorrantbi@huffingtonpost.com,1iw6Nd
Delora Bestwerthick,dbestwerthickbj@google.co.uk,oUfXbbQlJ
Thatcher Peirce,tpeircebk@oaic.gov.au,dKDVTwtI3LR
Paula Bolderstone,pbolderstonebl@freewebs.com,n1w8MunBC
Zacharias Izak,zizakbm@fc2.com,iaO82aOvp
Maible Yankeev,myankeevbn@jalbum.net,XHUhkq3f
Filmer Palister,fpalisterbo@acquirethisname.com,4zBK3baJ
Lilyan Colwell,lcolwellbp@yellowbook.com,lmF7ob
Jaime Lantuff,jlantuffbq@prlog.org,pKw3GewHy2dk
Nertie Dwight,ndwightbr@booking.com,GpKQl5DiU
Jere Glenn,jglennbs@aboutads.info,EtQ098we
Hilton Brinkman,hbrinkmanbt@newyorker.com,DOUrAK
Anabelle Humbles,ahumblesbu@apache.org,itWPCR2wpcCY
Starlene Eilert,seilertbv@archive.org,dKr15Rt
Verena Dyson,vdysonbw@nba.com,Ln2NO3
Moe Sendall,msendallbx@dot.gov,6wddvG
Lita Remer,lremerby@edublogs.org,NiYaMV
Vikki Dilleston,vdillestonbz@hostgator.com,oCINhQYnoWY
Cleveland Moakes,cmoakesc0@homestead.com,3rems3F
Cammy Dey,cdeyc1@go.com,lh7VIhIs
Darcy Perllman,dperllmanc2@deliciousdays.com,MAfrNksUBhjI
Doe Austins,daustinsc3@acquirethisname.com,t31Qc7r
Hasheem Foulsham,hfoulshamc4@tripod.com,BoysmL1eV7Bl
Derrik Castri,dcastric5@youku.com,luEQNwaQXmCt
Bartholomeus McLorinan,bmclorinanc6@webmd.com,oHfLhOcRjl4J
Abby Renne,arennec7@mail.ru,O6KofMtvzc
Kimberley Gaither,kgaitherc8@wsj.com,nRgxWIy
Jess Drabble,jdrabblec9@tamu.edu,xlV68SviFKmF
Trina Morican,tmoricanca@techcrunch.com,lpzZhW1KQY
Maurizio Pincott,mpincottcb@51.la,fuXdhG8YWnA
Jimmie Starten,jstartencc@tmall.com,FpkqrVKXVvzE
Piper Brute,pbrutecd@shinystat.com,4zBcdihbJ
Goran Dumphries,gdumphriesce@eventbrite.com,bK7fEa6
Ermina Jaskiewicz,ejaskiewiczcf@dyndns.org,CktoTwq39
Tani Bullus,tbulluscg@cbslocal.com,jnKdFjq3B3oX
Adorne Villaron,avillaronch@fc2.com,yYnA7JOlF
Agace Riddeough,ariddeoughci@1688.com,zFx9Tvc
Lebbie Giacobazzi,lgiacobazzicj@mapquest.com,8aFhqJ
Amelina Fynn,afynnck@webnode.com,SDcrzOp7KFuU
Sayers Shawyers,sshawyerscl@businessweek.com,yqM2jFKa
Lemuel Mawman,lmawmancm@illinois.edu,JNbtvbNy4
Victoria Struttman,vstruttmancn@cbslocal.com,Auap2zVx
Simon Figura,sfiguraco@sitemeter.com,OsFNIx
Marsh Jackman,mjackmancp@ucsd.edu,qiyoZw
Cheri Claye,cclayecq@hugedomains.com,wsHH5i9ave13
Kylen Okker,kokkercr@php.net,0MyCSUNQ
Town Glaum,tglaumcs@marriott.com,VLklBaY
Jermayne Szach,jszachct@opera.com,9HhViBrf4TSo
Jacky Vallentin,jvallentincu@mac.com,dC6i7G
Brendin Marielle,bmariellecv@google.de,Mncdk6U6H
Kathe Covert,kcovertcw@digg.com,vUhBdlZWP0YZ
Claudelle Caudelier,ccaudeliercx@amazon.com,NrANsU
Merna Billany,mbillanycy@mapquest.com,SC7omXudVYJ
Arlene Glencorse,aglencorsecz@chicagotribune.com,cdoQGQohK
Tate O'Brollachain,tobrollachaind0@intel.com,ZuM0WE02L
Jerrilee Fairnington,jfairningtond1@cdc.gov,rtFfdzsddfYm
Dorthea Spellessy,dspellessyd2@wisc.edu,SHJXEOd
Pegeen Bealing,pbealingd3@google.com.hk,PfZ3xmG
Lorain Koenen,lkoenend4@businesswire.com,9EYy42
Bald Delleschi,bdelleschid5@alibaba.com,aEVWbzZ
Jasmin Mucklestone,jmucklestoned6@nymag.com,tOxE1Gr
Margarita O'Connor,moconnord7@tuttocitta.it,zdmggAXgt
Gertrudis Castanares,gcastanaresd8@imgur.com,ylZDnyD
Amaleta Duesbury,aduesburyd9@barnesandnoble.com,ZDF9O9SfdM
Gaby Brocket,gbrocketda@hibu.com,e5XlXEHsFn
Quintilla Erwin,qerwindb@livejournal.com,88sJCNAI
See Tinton,stintondc@jiathis.com,ERGLuCOyEP
Kaycee Hemstead,khemsteaddd@cargocollective.com,POURtevlx
Lorita MacGahy,lmacgahyde@weibo.com,Y82TlkAgS
Philippine Rimes,primesdf@addtoany.com,l2SiStoktH
Fionna Conquer,fconquerdg@microsoft.com,m5HZQuyQ3Rr
Uta Maginn,umaginndh@mit.edu,EnZ2R0LslvF
Albertina Charleston,acharlestondi@cornell.edu,cIqW6ZQAVs
Raychel Philipsohn,rphilipsohndj@disqus.com,bfo3CeBXP
Nichole Grinnov,ngrinnovdk@amazon.co.uk,okXIxlsjl82o
Emily Knutton,eknuttondl@studiopress.com,VVdbllMnKWx
Malissia Draco,mdracodm@scribd.com,WtSwYhBeK
Clari Labrone,clabronedn@diigo.com,h5gf0ugJ
Putnem Woodrooffe,pwoodrooffedo@dmoz.org,B86OU7VyAd7
Elysee Roycroft,eroycroftdp@nymag.com,P2T4n7C5v5
Marquita Robart,mrobartdq@google.es,gnqESW
Rubia Aggas,raggasdr@feedburner.com,1Xrrrbvkp
Filia MacArte,fmacarteds@taobao.com,phG1qT8mymu
Hamlin Raffles,hrafflesdt@bbc.co.uk,vQl1413J
Del Lomasny,dlomasnydu@disqus.com,aH4904ogt
Clare Cowill,ccowilldv@booking.com,6PqtTaJ2SUw1
Merle O'Scollee,moscolleedw@amazon.de,qR6uzWz
Berkley Pettyfer,bpettyferdx@hao123.com,upV3epF6
Wilton Tuiller,wtuillerdy@wisc.edu,T1i8tqwPZ
Gabby Dupree,gdupreedz@ask.com,39b8s8Z6UD
Tobe MacDaid,tmacdaide0@accuweather.com,njuZunNP
Allayne Etchingham,aetchinghame1@hubpages.com,BVyAQ67qKT
Garth Oldrey,goldreye2@dailymail.co.uk,hrQqz3
Margaux Pettigrew,mpettigrewe3@elegantthemes.com,eT2YHJ
Helena Enderwick,henderwicke4@sbwire.com,DB4kOwR5Sb
Jehanna Fussey,jfusseye5@state.tx.us,XTJeumD
Jessey Stoate,jstoatee6@shop-pro.jp,ud73T7
Maribelle Vaggers,mvaggerse7@vkontakte.ru,gMlLf0nq9
Auguste Dundon,adundone8@163.com,0e5S6N
Kennith Battersby,kbattersbye9@yale.edu,7Agfbzt45u5
Marne Skillings,mskillingsea@yellowpages.com,PSK3oDAXJK
Lilllie Tresvina,ltresvinaeb@cnbc.com,XN0qGWUREfem
Alexei Stieger,astiegerec@ycombinator.com,ovLDFXSJt
Rock Crallan,rcrallaned@chicagotribune.com,lIa156D
Bertie Bolliver,bbolliveree@umich.edu,rdYkBzul54l
Belia Rogerson,brogersonef@phoca.cz,hqEkzIXyYw
Beatrice Monini,bmoninieg@nbcnews.com,GlJ3oIU29Bg
Monah Minister,mministereh@shutterfly.com,YrBBYy9JAK
Fidelia Skippon,fskipponei@phpbb.com,TOXB8Wd3MLj1
Mickie Slowly,mslowlyej@ezinearticles.com,NcpTrz13CQ
Jana Sarch,jsarchek@pcworld.com,NPkPFIvBW
Lebbie Openshaw,lopenshawel@thetimes.co.uk,KGnHDFb3
Christoffer Screeton,cscreetonem@usgs.gov,cYIqnB5EsE
Diana Jandel,djandelen@virginia.edu,SEIqf0
Ariella Cheasman,acheasmaneo@ask.com,eFlOwDX8
Jaymie O'Caherny,jocahernyep@reddit.com,QhFH90g
Adlai Kardos,akardoseq@umn.edu,vuepIYCInR
Tessa Marrian,tmarrianer@webeden.co.uk,Mv8uujdcA
Nickola Foston,nfostones@merriam-webster.com,zSlhV6ls
Whitney Sweeney,wsweeneyet@jiathis.com,mz09LVMBhbB
Lucienne Wigmore,lwigmoreeu@microsoft.com,AU31VxXG90
Sarine Goodrich,sgoodrichev@studiopress.com,ou6v52C7Mm2
Onfre Bradnock,obradnockew@google.co.uk,JDJ9G8
Val Whardley,vwhardleyex@psu.edu,kfpaeMbWR59d
Romain Hallihan,rhallihaney@tamu.edu,tcQ5DR
Robinet Leal,rlealez@senate.gov,reD4zy
Shannah Dailly,sdaillyf0@go.com,tffGNEHFvT
Maia Pover,mpoverf1@mayoclinic.com,HYGX6vrK
Mariette Clive,mclivef2@paypal.com,DRQNqAW0V
Adena Cadany,acadanyf3@deliciousdays.com,0cQE0e65Nwu
Curtice Springle,cspringlef4@forbes.com,av4yHRRQ
Harbert MacDonnell,hmacdonnellf5@hc360.com,b4hYPCXZ
Danny Guiett,dguiettf6@bigcartel.com,y0XZdmX3Y
Orazio Nuton,onutonf7@t-online.de,KuZ4dD
Tabbie Boutell,tboutellf8@tamu.edu,USv8m09H
Vinny Ties,vtiesf9@abc.net.au,T2ZnU9a1DadJ
Rice Goshawke,rgoshawkefa@dedecms.com,trJkwi
Jonathon Banisch,jbanischfb@homestead.com,J0JGUcLcgH
Joshua Cutts,jcuttsfc@github.com,DOxNsCUzQ
Agneta Rodie,arodiefd@usatoday.com,mXDSW5C
Ruby Axford,raxfordfe@bloomberg.com,G5ogiL
Anneliese Levesley,alevesleyff@ucsd.edu,5L3mZvU0Nzj
Elyn Vernay,evernayfg@who.int,vlxALn9
Caye Pauletti,cpaulettifh@vinaora.com,g2qbsOKdNz38
Karla Fehners,kfehnersfi@baidu.com,0e96wIlzORO
Sandye Cushe,scushefj@yandex.ru,vv1kKx
Olga Stelfax,ostelfaxfk@answers.com,6IKMxO6s
Othilia Bredes,obredesfl@slashdot.org,SOCiOXIpkvEe
Margalit Amber,mamberfm@theglobeandmail.com,ThcfX3y7
Jerrilee Levet,jlevetfn@mail.ru,uwZSIZr23
Dukie Boreland,dborelandfo@ucla.edu,9kshKyc6eu
Bronny Jedrasik,bjedrasikfp@163.com,TsTZeWtu6
Arnuad Rushforth,arushforthfq@bloomberg.com,83ENOv2
Vinson Meddick,vmeddickfr@360.cn,NK678Z0XO
Samuel Littlefair,slittlefairfs@irs.gov,qAe3BDR
Eadmund Caisley,ecaisleyft@i2i.jp,3hpqkz
Quintilla Floyde,qfloydefu@hibu.com,o3hEvwmCV
Kathrine Tarte,ktartefv@geocities.jp,JnvUCr8OLh
Aridatha Guerri,aguerrifw@google.com.br,F9hTSPDDN
Gaby Gartery,ggarteryfx@msu.edu,dC9GtRm
Reynold Mathys,rmathysfy@addthis.com,w0o9Vgt7Jzs
Isadora Meddings,imeddingsfz@google.com.au,5xY0jjtSeqZ5
Chico Bollom,cbollomg0@plala.or.jp,8T7RBzMlPPtv
Josselyn St Clair,jstg1@123-reg.co.uk,QwrHFA4niDi
Mellicent Dulany,mdulanyg2@simplemachines.org,rftf0rG3
Janek Blanking,jblankingg3@flavors.me,riaoLnLhHSaR
Christye Tousy,ctousyg4@cargocollective.com,E3bIIBwq
Ashla Kits,akitsg5@vkontakte.ru,JLjCg38xPbQh
Ofelia MacFaul,omacfaulg6@lycos.com,xOWbtrndFYr
Gwennie Daudray,gdaudrayg7@ning.com,vCuPAVMpt
Rica Chasson,rchassong8@senate.gov,75HmOYILX6x8
Shaughn Fleckney,sfleckneyg9@nydailynews.com,IDsKaO
Fraze Phair,fphairga@vkontakte.ru,4w991LbmRvNr
Taryn Palfreeman,tpalfreemangb@hugedomains.com,gQWxapUz
Sterling Secombe,ssecombegc@mit.edu,S8eBWu
Genni Firle,gfirlegd@mysql.com,Ms2QvqhxOiN
Silvan Rollings,srollingsge@aol.com,lbmCc0Ia
Eleni Eckly,eecklygf@epa.gov,djFRbn
Frasco Jehu,fjehugg@who.int,MTo8ovU
Armando Cicci,aciccigh@ycombinator.com,ngMNFFPWaD2Q
Boyd Byrth,bbyrthgi@amazon.co.jp,zVyuFi
Shaylyn Sydes,ssydesgj@weebly.com,ECLnFudzi1
Tracie Flatman,tflatmangk@shinystat.com,x35kOnhTzE2B
Cecile Rubie,crubiegl@soup.io,cgINiFY51vji
Alexandro Ashworth,aashworthgm@google.co.jp,nMRnCubM
Mehetabel Mille,mmillegn@people.com.cn,Utu3143
Heinrick Bucke,hbuckego@shop-pro.jp,lLqwAC
Twyla Skottle,tskottlegp@barnesandnoble.com,VCpzUQvJ
Freemon Gaskamp,fgaskampgq@toplist.cz,nsxXRPllHuOx
Drucill Penniall,dpenniallgr@salon.com,p6hD9RPBDq
Ami Minette,aminettegs@arstechnica.com,aGF84h1Yc
Mitchell Bohey,mboheygt@blogtalkradio.com,FM9lMB4
Bennett Fittes,bfittesgu@eepurl.com,c6FHTF
Hercules Shillaber,hshillabergv@artisteer.com,mkMV97
Angelia Webborn,awebborngw@china.com.cn,9eaauIQezFU
Mayor Dugue,mduguegx@mail.ru,PPffjY8W6MOu
Rudolf Skirlin,rskirlingy@illinois.edu,e3ZFjK53
Titus Size,tsizegz@ucla.edu,UM3sIM
Brant Crome,bcromeh0@squidoo.com,sJpoZ5HH
Roarke Tomkies,rtomkiesh1@nsw.gov.au,wCYuWft8F
Maria Sibray,msibrayh2@omniture.com,Lkuty9
Jasmin Plewman,jplewmanh3@hud.gov,gwtMD2PF0
Kathryn Christol,kchristolh4@technorati.com,FFaHd7DcR7
Miguelita Patriskson,mpatrisksonh5@shinystat.com,X4WwXn6
Marissa Kinkade,mkinkadeh6@tuttocitta.it,dwz0AgA
Tish Baynam,tbaynamh7@cisco.com,ClVqE5g
Lovell Pirrone,lpirroneh8@cdbaby.com,Mk64jlWd
Cordi Habershon,chabershonh9@independent.co.uk,0iVfS2u3ODR
Kordula Connerly,kconnerlyha@imageshack.us,TBtjQdytlav
Lacy Dudeney,ldudeneyhb@networksolutions.com,eMVT80eDniL
Norry Omrod,nomrodhc@yandex.ru,wy1iT3897
Con Borges,cborgeshd@storify.com,AGyMznRZwrkr
Samantha Bilbee,sbilbeehe@desdev.cn,8FXrsPam0
Jsandye Pavitt,jpavitthf@phoca.cz,smhU01
Celestine Barck,cbarckhg@ustream.tv,jDzJvGclovI7
Sherye Bawme,sbawmehh@vinaora.com,2yyQOJvJQG
Burr Doncaster,bdoncasterhi@goodreads.com,7lVLzP68m1iO
Rubin Kumaar,rkumaarhj@prnewswire.com,oLRyXsuTfPV
Layton Axup,laxuphk@howstuffworks.com,41v8K3
Cybill Caville,ccavillehl@livejournal.com,WqaMGKS5T85
Donna Male,dmalehm@t.co,pe1JrYY
Torr Comar,tcomarhn@nyu.edu,1x1aD2l
Ferris Mariaud,fmariaudho@geocities.jp,nyjavm
Meridith Mockes,mmockeshp@yahoo.com,YwUKIf
Nealy Boothroyd,nboothroydhq@taobao.com,y2xrjxG58f
Helen-elizabeth McLoughlin,hmcloughlinhr@nps.gov,MoIsvm
Carley Malser,cmalserhs@telegraph.co.uk,TJVdyRXdXY
Barbra Legate,blegateht@cisco.com,fwnzTFXHpxi
Karie Pipkin,kpipkinhu@usda.gov,1m09bFwjb6
Bartie Lawlie,blawliehv@google.fr,8NUMAZy
Rutger Rowswell,rrowswellhw@epa.gov,E67Mwmz
Gretchen McCallister,gmccallisterhx@miibeian.gov.cn,9BrF4YQuKFt
Hercule O'Loghlen,hologhlenhy@vkontakte.ru,Na9IP0d
Rhianna Avramow,ravramowhz@java.com,e2BkmGPgJ6C
Sterling Rosewall,srosewalli0@smh.com.au,1mNgvGNX
Tish Tuxell,ttuxelli1@paginegialle.it,1KU0xyHpC
Ashia Whates,awhatesi2@dagondesign.com,6HZ6B6g0
Lombard Rowcliffe,lrowcliffei3@themeforest.net,CZ8P45tT4
Hildagard Wormleighton,hwormleightoni4@histats.com,lSN6vs
Ferdinand Ranns,frannsi5@seattletimes.com,gCc5r2VhTAA
Sasha Cowle,scowlei6@hao123.com,8TH26mLEEq
Hugues Allum,hallumi7@amazon.co.jp,yoqjYSB35
Augusto Vasenin,avasenini8@wisc.edu,gHM5ij7
Elinore Saxon,esaxoni9@4shared.com,8bPzE5qJ
Revkah McKinnon,rmckinnonia@wunderground.com,99su1wW4pW7
Abbe Dondon,adondonib@opera.com,OLPzy1nIut
Pablo Eggerton,peggertonic@ucla.edu,V7Wq5Y8k
Griz Geator,ggeatorid@privacy.gov.au,Pkj1cKJRCI
Blondie Winchurst,bwinchurstie@bloglines.com,sj65xTsO
Gasparo Tanzig,gtanzigif@ifeng.com,biiU5cCn8p
Evangelin Petchey,epetcheyig@cocolog-nifty.com,XqOGF9F4
Cyrille Belderfield,cbelderfieldih@pbs.org,T8wHJ7GtEc
Marge Liddington,mliddingtonii@google.com,fEO3jJX0BO
Henrie Klejin,hklejinij@theguardian.com,MQYWtVQ
Layney Grotty,lgrottyik@bloglovin.com,MTwspSGn
Sula Chewter,schewteril@uiuc.edu,BXWumTHP
Mariele Coldbath,mcoldbathim@auda.org.au,gFPf4pONs
Elvera Thring,ethringin@lycos.com,VB02dSbQ0i0h
Sigmund Chainey,schaineyio@ft.com,bu12S2NNmF
Billy Dormand,bdormandip@zimbio.com,Ru5e44oBEML
Claudelle Croley,ccroleyiq@linkedin.com,3inCnp4m
Ezri Kibard,ekibardir@cam.ac.uk,H3yLBTz21n
Vasily Coultous,vcoultousis@goodreads.com,8lxkLQaun1n
Franny Klawi,fklawiit@ted.com,kOVNNegr
Camellia Gray,cgrayiu@oakley.com,SyaqFs4KDh
Aubree Heimann,aheimanniv@fc2.com,KpykISac
Vernor Jordan,vjordaniw@ezinearticles.com,xpqUflpKscp
Flory Bachs,fbachsix@prlog.org,HNmuYY
Rebeca Braunds,rbraundsiy@wikipedia.org,AkzhKL3w5v
Leanna Ibbitt,libbittiz@youku.com,F5nlroP
Lynna Dufty,lduftyj0@drupal.org,esH51tcOh4
Dorthy Kaplin,dkaplinj1@gnu.org,rjtGgCKA
Stefano Dargavel,sdargavelj2@indiegogo.com,YoXkUwe0h
Beilul Grindlay,bgrindlayj3@wordpress.com,n9n0D5
Dane Ashe,dashej4@posterous.com,t6W6TKep
Isabeau Prahm,iprahmj5@tiny.cc,clla08wIX
Constanta Demangeon,cdemangeonj6@google.com.br,IZ0ctQJWx
Katlin Gresch,kgreschj7@mediafire.com,hIz9wu6K
Correy Jedrzejewsky,cjedrzejewskyj8@theglobeandmail.com,wdvNQyWtWLz
Elmo Tayloe,etayloej9@sohu.com,gu5bOlQUkO
Chrystal Rapa,crapaja@geocities.jp,akI9C9Fi5
Renie Donaldson,rdonaldsonjb@ft.com,MlnWq9o
Gerrard Thorogood,gthorogoodjc@ezinearticles.com,asnbK5
Ewart Cowill,ecowilljd@columbia.edu,IINXvg0O5T4
Roddie Crinage,rcrinageje@addthis.com,BWrRQQA
Seth MacAlinden,smacalindenjf@jiathis.com,K40jeiG
Norrie Matteotti,nmatteottijg@rakuten.co.jp,L4rRXwN
Ev Losty,elostyjh@abc.net.au,79BDRgcM7
Homere Skirvane,hskirvaneji@gravatar.com,laDsZC4X
Alecia Lewington,alewingtonjj@dailymail.co.uk,wNUv3ul
Rudd Robberts,rrobbertsjk@microsoft.com,VEbA1Rq7o
Jannel Kightly,jkightlyjl@state.tx.us,tDtpEvRT
Ambros Ollier,aollierjm@dropbox.com,NuwgnJYt
Irma Canfield,icanfieldjn@squidoo.com,w0hLHNSr
Rosita Clougher,rclougherjo@chronoengine.com,i6WPOnI
Zebulen Kernes,zkernesjp@123-reg.co.uk,bqjWBFlQDFs
Anders Sabie,asabiejq@behance.net,E4O9cvx2F
Martita Haitlie,mhaitliejr@miibeian.gov.cn,748eRyq
Hughie d'Arcy,hdarcyjs@unesco.org,whNUVE1
Alleyn Cakes,acakesjt@imdb.com,7d9IuyBji
Branden Lorenzin,blorenzinju@oaic.gov.au,TKobCvx
Ximenez Pilkington,xpilkingtonjv@slashdot.org,fpmB3wJ
Yves Croome,ycroomejw@usatoday.com,FVNNKjuw4OHF
Windham Jannings,wjanningsjx@comcast.net,eSVpxTJnJQE
Kial Hackey,khackeyjy@squidoo.com,8SgWYFTS8zK
Camala Goddman,cgoddmanjz@java.com,hZqWRet5LlTs
Toby Netley,tnetleyk0@unblog.fr,6bGtIKZ4pl
Elbertine Dudny,edudnyk1@devhub.com,wENtxA6k
Alia Musso,amussok2@ning.com,xsQaL51r87f
Ladonna Jacquemy,ljacquemyk3@hc360.com,ZTcAHiS
Walther Befroy,wbefroyk4@godaddy.com,Qv3lzkIE
Gilles Sherrington,gsherringtonk5@drupal.org,9INCkXO
Josephine McQuaide,jmcquaidek6@angelfire.com,ojDFsTmy
Reiko Haresign,rharesignk7@patch.com,YdGjBcqK7N
Roda Cottingham,rcottinghamk8@bravesites.com,tPslkF
Darwin Foye,dfoyek9@deliciousdays.com,m7A7ETnD
Joela Klousner,jklousnerka@eepurl.com,iDJOcr6vL
Heath Muddiman,hmuddimankb@ning.com,RRo7SKzZw
Avigdor Ide,aidekc@wikipedia.org,HOMSpefKbjk
Guenevere Stiddard,gstiddardkd@howstuffworks.com,KccISYY
Brenn Grinstead,bgrinsteadke@exblog.jp,1PkXniL
Joycelin Bockmann,jbockmannkf@ft.com,rmT2Gb47qkS
Xerxes Dodgshon,xdodgshonkg@fc2.com,Fpi5Dnw
Noach Raggett,nraggettkh@cisco.com,SMV36C
Chrysa McCreary,cmccrearyki@feedburner.com,ko402RXdiy
Cecilia Petyakov,cpetyakovkj@goodreads.com,fn6aKzCBMr
Jobyna Held,jheldkk@paginegialle.it,bVo98HAyC
Alexis Huard,ahuardkl@auda.org.au,IXLmXIiKK
Buddie Shedd,bsheddkm@amazonaws.com,TEeeXCS53Xf
Cynthea Beviss,cbevisskn@globo.com,BndFhCY0s8H
Jocelyn Pyer,jpyerko@domainmarket.com,9UOssA
Crista Eringey,ceringeykp@shinystat.com,lUlxOe3FvXvB
Doloritas Cheeld,dcheeldkq@theatlantic.com,GiZp9zBf4S
Ivan Tregenza,itregenzakr@freewebs.com,S8dfb8gqJ
Talia Cruddas,tcruddasks@dot.gov,ztymrWKRjS
Florri De Cristoforo,fdekt@quantcast.com,8TBLNv0gjq
Rhea Ginity,rginityku@sfgate.com,ZQy2Q0OWL
Coleen Honnicott,chonnicottkv@ed.gov,KQ69me
Karee Amberson,kambersonkw@wiley.com,BqnRzNBPjh
Tedi Tyhurst,ttyhurstkx@umn.edu,ONnrxz4Js
Liliane MacNess,lmacnessky@amazon.co.jp,mfDLTR5yCpw
Joellyn Warrener,jwarrenerkz@mayoclinic.com,09qi94
Ruth Espine,respinel0@mediafire.com,U1OT2w5BC
Shem Petch,spetchl1@hugedomains.com,oDrZGZ
Aleta Chstney,achstneyl2@bloomberg.com,KSexFZc
Duff Gromley,dgromleyl3@samsung.com,hvYG4k
Hillyer Clucas,hclucasl4@icio.us,jb9cQgl
Cobbie Lubeck,clubeckl5@va.gov,VhBh075p
Gerhardine Tregale,gtregalel6@blogtalkradio.com,yDsCgmQ
Perla Perche,pperchel7@hhs.gov,7bz4bSVV
Colby Ellershaw,cellershawl8@de.vu,PFj3YZ
Charissa Date,cdatel9@howstuffworks.com,24NqbvWY
Brynn Stannion,bstannionla@gov.uk,qEcjiJEQWe0
Gib Pawson,gpawsonlb@reuters.com,1waf1ey
Jacintha Merryweather,jmerryweatherlc@diigo.com,yRh5HKLtU
Freddie Cheyney,fcheyneyld@tumblr.com,CQJKeSlnQeq
Wainwright Le Grove,wlele@github.io,UbZYnmdbQvWC
Terrence McInally,tmcinallylf@ask.com,IPyxXDZvgivS
Marlo Coniam,mconiamlg@disqus.com,j44k3e
Tatiana Smees,tsmeeslh@blogger.com,3E7fXM05DdQC
Donielle Jammes,djammesli@sitemeter.com,OQL07l0it6vU
Linette Freckingham,lfreckinghamlj@123-reg.co.uk,IvYem7iD
Kareem Holworth,kholworthlk@networkadvertising.org,uQfCCTnE2c
Bertrand Arpe,barpell@tinyurl.com,a98VpXeEU
Thornie Kassidy,tkassidylm@mtv.com,2kbRy9QJ50
Jillana Beagrie,jbeagrieln@eventbrite.com,2IBkz79Dov
Cybil Pimmocke,cpimmockelo@posterous.com,D2uCIML1zWsY
Devy Judgkins,djudgkinslp@vimeo.com,Fvk2RA5DW
Sadie Vaggs,svaggslq@unblog.fr,zwl7Sm87HdOD
Dulcia Eaglen,deaglenlr@devhub.com,72G2C26L6
Cosimo Doy,cdoyls@diigo.com,MqDPgrU
Dniren Meckiff,dmeckifflt@unc.edu,EaLjlj
Ebenezer Gley,egleylu@archive.org,KVja2zzPwT
Melli MacSkeagan,mmacskeaganlv@purevolume.com,z3FPxBV40
Kirbee Sygroves,ksygroveslw@dailymail.co.uk,cu71BJtX1H
Nada Hadfield,nhadfieldlx@tripod.com,s23tkeg
Johann Tring,jtringly@wufoo.com,RxQhcg6zKwe
Sharl Benbough,sbenboughlz@answers.com,RQ9UT6uW
Wanids Wedlock,wwedlockm0@instagram.com,9QuYpXrCLWS
Berty Januszkiewicz,bjanuszkiewiczm1@dion.ne.jp,7G7aYrE
Leena Keggins,lkegginsm2@cisco.com,bYEXysUqL
Marjy Purcell,mpurcellm3@theatlantic.com,C1LZCiHRMO
Gennifer Oxley,goxleym4@youtube.com,4T1kEnfMvG
Junia Jeandel,jjeandelm5@etsy.com,d2CeSHsW
Hieronymus Chretien,hchretienm6@unblog.fr,mcrxOlIY
Veronique Houndesome,vhoundesomem7@behance.net,ywiyPNKZJCK
Aloisia Paquet,apaquetm8@symantec.com,Yv4tIcXFdk
Gertie Thorlby,gthorlbym9@slideshare.net,D5B81E
Berti Newberry,bnewberryma@jimdo.com,LrlzbD
Arlette Raddin,araddinmb@desdev.cn,YQlglXS9xZf
Nickie Mulligan,nmulliganmc@umn.edu,vxN6Hg
Becka Bridewell,bbridewellmd@uiuc.edu,4KMBxqp
Berne Giovannetti,bgiovannettime@irs.gov,FAAk7qt2T
Sile Ganny,sgannymf@canalblog.com,PsZQaz
Amalea Stoker,astokermg@stanford.edu,7Q0g8wfmRcb
Kaela Sandercock,ksandercockmh@csmonitor.com,YdDwOlP
Guthrey Charlotte,gcharlottemi@usgs.gov,9ku0s9dp8D7
Jessamyn Chattoe,jchattoemj@goodreads.com,k7v5r1jyTBB
Klarika Crocroft,kcrocroftmk@macromedia.com,er7IcMM5W
Madelon Batterbee,mbatterbeeml@51.la,eUMQmEbz0RX
Dinah Agron,dagronmm@google.cn,BOVxlmik
Hunfredo Birkwood,hbirkwoodmn@imdb.com,MNnvxyN9c6
Laurena O'Curran,locurranmo@yolasite.com,i1Rxxu
Arni Juszczak,ajuszczakmp@ed.gov,ZJvGa9Ju5S
Quintilla Yeowell,qyeowellmq@themeforest.net,ftIC0qwnKYA
Joyous Shipman,jshipmanmr@friendfeed.com,xzQ0Dxr8bY
Augustin Murphy,amurphyms@prweb.com,Co6ixeAreI
Say Repp,sreppmt@forbes.com,nJCa6wVI
Laurette Tourne,ltournemu@geocities.com,e8mbGjkR
Dallon Balnave,dbalnavemv@netvibes.com,Qjhme1RFM
Neely Durston,ndurstonmw@deviantart.com,YCEf8dfK3s
Barbette Gerge,bgergemx@ycombinator.com,IWROBy2CdgW3
Sharyl Luckie,sluckiemy@sciencedaily.com,8ePSCOtEwrB
Malchy Regina,mreginamz@hexun.com,CZZehJiGH2WU
Farris Markus,fmarkusn0@hubpages.com,bHqwz0ir
Bastien Ferrar,bferrarn1@ning.com,hPNFITq2d
Toddie Winsor,twinsorn2@squidoo.com,ryEMzBI
Teodorico Birchwood,tbirchwoodn3@e-recht24.de,dMbKoZ28
Wilek Avory,wavoryn4@blogs.com,i8Ci9KkhcSxm
Xena Overy,xoveryn5@skype.com,jUx12MEpJWoi
Hillary Rolstone,hrolstonen6@imdb.com,yzBlTgA
Beverlee Zamboniari,bzamboniarin7@guardian.co.uk,nJ2FrvlPl
Ferdinanda Sinnat,fsinnatn8@opensource.org,EcYFoewnhwZ0
Burnard Jarred,bjarredn9@nyu.edu,kWuE2YpWODe
Kyrstin Grinnov,kgrinnovna@fda.gov,PvfxO75Q
Nilson Minillo,nminillonb@ycombinator.com,jjk4NuUQ
Carmine Rathjen,crathjennc@ox.ac.uk,IFQwhaSFGSI
Kerwin McGawn,kmcgawnnd@xinhuanet.com,SjyUzwh
Olga Woollhead,owoollheadne@imdb.com,9p1XYNbS
Alphonso Wibrew,awibrewnf@apple.com,RxTlCdd7
Andi Morewood,amorewoodng@feedburner.com,Rhj0Vnk5Rl
Skelly Tilbrook,stilbrooknh@ted.com,fWG7m6DkN9
Beauregard Stedall,bstedallni@cbsnews.com,8RXBJfynQF
Francklyn Jeacocke,fjeacockenj@blogspot.com,gSrZpNcl6RT
Heddi Presdee,hpresdeenk@jiathis.com,pN5owdZqhW
Catherine Nelles,cnellesnl@theatlantic.com,rEv3Xz9qwpi
Tina Pakes,tpakesnm@hud.gov,LBf3pU5Ig
Brodie Fitchet,bfitchetnn@arizona.edu,RKbLpR
Malia Pickard,mpickardno@cnn.com,FvA3aHJQ
Alma Jirak,ajiraknp@whitehouse.gov,vFedxkT
Austine Stroud,astroudnq@independent.co.uk,K8jgGess
Traver Leil,tleilnr@netscape.com,j3OtQaWGG9
Glyn Lohering,gloheringns@samsung.com,Jlozk0UPzb
Nye Pybworth,npybworthnt@opera.com,p40vRTZOG
Karolina Brosenius,kbroseniusnu@w3.org,POmGoXuQlaCm
Ashla Losseljong,alosseljongnv@odnoklassniki.ru,5ilAIcwGRYEK
Rudolph Leopold,rleopoldnw@cbc.ca,Hzv9yzD
Mia Sinnat,msinnatnx@nature.com,QYaGA3gOkqSm
Etty Giacomelli,egiacomelliny@over-blog.com,CmnKMPJjeW
Patrick Lauritzen,plauritzennz@t-online.de,A5xrDNVmm
Hamish Leeming,hleemingo0@google.de,U7X2qHA1
Crissy Flaune,cflauneo1@google.es,GukvNDuCGtQ2
Grannie Jedrych,gjedrycho2@godaddy.com,1KTUF1
Amalle Lilleyman,alilleymano3@wufoo.com,25VlXBT
Thaddus Seedhouse,tseedhouseo4@g.co,kv7IIsknl
Daven Nuton,dnutono5@earthlink.net,omYFAzwmCZ
Reagan Surpliss,rsurplisso6@hud.gov,ZCgWgEFJt
Rubina Bome,rbomeo7@sciencedirect.com,rkQsxuX2Fva
Valentina Sproston,vsprostono8@unicef.org,O36FmkUGbU
Linc Arboin,larboino9@timesonline.co.uk,i9PJpkF4Y
Steffie Farquar,sfarquaroa@free.fr,TI2mIOBes2PP
Patience MacDiarmond,pmacdiarmondob@wired.com,pYNUbGOw
Margalo Stickney,mstickneyoc@aol.com,Rze3Is5
Claiborn Sharples,csharplesod@engadget.com,oKUK4L1Qt
Waldemar Brockway,wbrockwayoe@tinyurl.com,QLsu1b9aBMg
Jana Kaplan,jkaplanof@wsj.com,xbwHur
Lilias Wabey,lwabeyog@smh.com.au,XrR6PM
Kiele Marfield,kmarfieldoh@github.io,77p5YVwAr
Whitby Stafford,wstaffordoi@live.com,iKt5eAEgXz
Jabez McAteer,jmcateeroj@soundcloud.com,oOaElU2nWc
Norah Eilhart,neilhartok@webs.com,1yxYpSbBsgG
Zia Copestick,zcopestickol@ameblo.jp,4pnKaqld8vfA
Eric MacKibbon,emackibbonom@bloglines.com,KgxxpkK1GQ
Selia Smallcombe,ssmallcombeon@cbsnews.com,UCM98qMcplt1
Effie Clayill,eclayilloo@mtv.com,0IBvdH
Philippine Chatenet,pchatenetop@senate.gov,V2zM0M1O
Issiah Lambird,ilambirdoq@youtu.be,rzyTEP
Sibella Gouly,sgoulyor@ning.com,YquEUNeetx6i
Jervis Eckford,jeckfordos@harvard.edu,wivoTP
Nealon Lightbown,nlightbownot@phpbb.com,rFZkGc04
Mellie Rymer,mrymerou@de.vu,Q5uUkFUX0
Major Willmont,mwillmontov@skyrock.com,07klzN5hP
Sonja Vedyasov,svedyasovow@stumbleupon.com,BD5DRRxWUidO
Delbert Larvor,dlarvorox@mac.com,uhIsbC9R
Hewitt Gillan,hgillanoy@naver.com,bwovq9dK
Giorgi Stiant,gstiantoz@samsung.com,LwxLlIxh
Tate Smithers,tsmithersp0@discuz.net,IJYScT8zSF
Hercules Tellenbrook,htellenbrookp1@aboutads.info,lIw3ITL
Chlo Tompkins,ctompkinsp2@earthlink.net,keLiWUS3dpG
Nance De Robertis,ndep3@bigcartel.com,q8xRWJNg3n9b
Leeann Cypler,lcyplerp4@xrea.com,gwAPAb4R3hJ
Brandea Haucke,bhauckep5@mayoclinic.com,dkwir5zAstba
Kirsti Heynen,kheynenp6@comcast.net,IzKxnxLMtA1
Desi Renne,drennep7@princeton.edu,ppFJfMYbz
Delcine Pittoli,dpittolip8@naver.com,6upB0t4ZckI
Thea Dubois,tduboisp9@harvard.edu,JqAmvOwSUf5R
Fremont Brunesco,fbrunescopa@intel.com,Xy18U9UVlZ
Brynne Craft,bcraftpb@admin.ch,gMoqyWh
Ailee Almon,aalmonpc@g.co,fCtZDU7oTZPe
Hyacinth Donohue,hdonohuepd@wikimedia.org,zC8lK9BQ1y
Paloma Memmory,pmemmorype@wikia.com,Ds33hmDGg
Tann Crighton,tcrightonpf@mtv.com,xS82AEgLHBI
Eb Baggiani,ebaggianipg@amazon.de,ZQqUil5yvlde
Jeanie Abrahams,jabrahamsph@japanpost.jp,Vdj4osn9uc
Carolee Lello,clellopi@marketwatch.com,fNgbveStR
Godwin Glazebrook,gglazebrookpj@uol.com.br,MPnAuZz1KZ
Barty Santen,bsantenpk@fotki.com,6CpGJb6l
Glenine Gianasi,ggianasipl@japanpost.jp,ld92wEbv
Dona Algar,dalgarpm@paypal.com,YOUMdsKLV489
Sigfried Soldan,ssoldanpn@sohu.com,jUCuQxsdj8
Pryce Parren,pparrenpo@youtube.com,qZPTHkwIypi
Katti Bent,kbentpp@admin.ch,0E0mL0j8JU
Zuzana Dudhill,zdudhillpq@ifeng.com,PmOupc
Vonni Greenhouse,vgreenhousepr@fda.gov,kJO7kUH2
Dorise Swenson,dswensonps@lycos.com,PmrWjPkb
Loretta Coffee,lcoffeept@github.io,pYxakfdkm0T
Ebba Beldan,ebeldanpu@typepad.com,leniWiA30lbY
Rory Dionisetto,rdionisettopv@stanford.edu,tKi3HqWfM
Carney McLeary,cmclearypw@wordpress.com,b2r5wUqDoUU
Rene Woolgar,rwoolgarpx@admin.ch,2t4AKb0LQPMw
Raddy Beau,rbeaupy@trellian.com,THEOx8YCiz0
Sandor Syddon,ssyddonpz@ucla.edu,jYQCX04
Brandon Cameli,bcameliq0@moonfruit.com,syWACUTZRbZ0
Ode Kwietak,okwietakq1@sun.com,LZCXdsXUN
Gare Bunner,gbunnerq2@fastcompany.com,swblfcsfI
Edouard Godsal,egodsalq3@facebook.com,oUKk4wIvIft7
Lorita Cowely,lcowelyq4@freewebs.com,DKckCt4
Averell Ashwood,aashwoodq5@rambler.ru,ppIuIZ2dx
Tobey Olczak,tolczakq6@jiathis.com,701wYXVInM
Neilla Cammocke,ncammockeq7@github.com,eviT07CR
Bobby Roos,broosq8@sina.com.cn,AUoq0bZep
Emlynne Poynton,epoyntonq9@cdbaby.com,RBQIWP3yGu6U
Tamma Edgson,tedgsonqa@amazon.co.uk,uN8SZEkHU
Hugh Somers,hsomersqb@facebook.com,OueOVG
Mozelle Alishoner,malishonerqc@google.es,fZSZKqqC
Marybelle Romeo,mromeoqd@usnews.com,LxWbXp
Della Goodenough,dgoodenoughqe@stumbleupon.com,dBDDmsWVu
Carolin Breinlein,cbreinleinqf@addthis.com,RizyGGTy
Galina Tomkowicz,gtomkowiczqg@typepad.com,TVhsQvZlV
Heddi Maro,hmaroqh@miibeian.gov.cn,0xQQEDKof8c
Jamie Duckwith,jduckwithqi@hhs.gov,nb5uWcQ6jRn
Jordan Adhams,jadhamsqj@hp.com,niVA4ZXmd
Wynny Jorden,wjordenqk@google.com.au,LFIBmpHd
Lowell Grumley,lgrumleyql@scribd.com,WA2VGP6id
Dyanne Facer,dfacerqm@google.com,I8Mfh4QU
Ugo Daine,udaineqn@netlog.com,SbscMZOtipM
Petronilla Camolli,pcamolliqo@unblog.fr,9iGENZP
Clayton Vigietti,cvigiettiqp@plala.or.jp,limDaq
Helene Cairney,hcairneyqq@bandcamp.com,3Dl5PoV4t
Reed Odcroft,rodcroftqr@twitter.com,ZVSqqAYQ6
Burton Tolerton,btolertonqs@mozilla.org,p9LmLQUz
Currie Clausen-Thue,cclausenthueqt@tmall.com,tIzuHMDQ88f
Eben Crudginton,ecrudgintonqu@gov.uk,2Ikec0vdv
Siward Olfert,solfertqv@addthis.com,SWFZfBVFin3T
Patsy Zanneli,pzanneliqw@csmonitor.com,AGXyGfLbX
Hilario Bridgman,hbridgmanqx@cafepress.com,xaWKKC
Nikola Lequeux,nlequeuxqy@aol.com,taJQHE
Anabella MacCombe,amaccombeqz@yahoo.com,B2W1CGvF
Vinny Dawks,vdawksr0@godaddy.com,LsNSoUXz
Aryn Clawsley,aclawsleyr1@xrea.com,7KILjefJ
Allyn Fitzpatrick,afitzpatrickr2@barnesandnoble.com,8D011b7O5VH7
Vaughn Spurdens,vspurdensr3@tinypic.com,kFIpNsIzSF
Westbrooke Kellitt,wkellittr4@msn.com,DvkBfvzzz79d
Ingemar Puddicombe,ipuddicomber5@google.cn,3zHfYJkivt4b
Tomas Denisovo,tdenisovor6@house.gov,86HTayPi3P
Alonzo Ravenscroft,aravenscroftr7@unicef.org,kszqcy
Pat Westgarth,pwestgarthr8@ehow.com,kAd5UiQmm
Neille Jeannard,njeannardr9@sogou.com,d1eEdz9Z
Ferne Sylvaine,fsylvainera@wikispaces.com,ikrDSNDAj
Marla Reyson,mreysonrb@kickstarter.com,TBMaS3kZ
Adrea Ethersey,aetherseyrc@devhub.com,47bnecEA5
Stinky Whalebelly,swhalebellyrd@exblog.jp,NvWZS4lFzprm
Karola Sodo,ksodore@zdnet.com,VOX8QiB
Dur Rookesby,drookesbyrf@wix.com,Ni6bWSf
Anastasia Onion,aonionrg@amazon.co.jp,02IdAs
Abel Simper,asimperrh@japanpost.jp,oti5kiqlo
Teressa McReidy,tmcreidyri@indiegogo.com,nyaUXgtan21
Belita Newby,bnewbyrj@slashdot.org,ysp0AuML
Sande Domegan,sdomeganrk@cbc.ca,0cdvwz
Yvor Camellini,ycamellinirl@freewebs.com,myQaehgjVUag
Almeda Buten,abutenrm@admin.ch,DaY4NPAkhB
Karim Hub,khubrn@bloglovin.com,lhW80ybhECYn
Efren Bartomeu,ebartomeuro@skyrock.com,XxXHbYLT
Melloney Drinnan,mdrinnanrp@hostgator.com,pl4BPfsw
Ame Gillopp,agillopprq@sogou.com,xcQg0z2wx
Garland Leidl,gleidlrr@independent.co.uk,iLsyk8
